<?xml version="1.0" encoding="UTF-8"?>
<project-private xmlns="http://www.netbeans.org/ns/project-private/1">
    <editor-bookmarks xmlns="http://www.netbeans.org/ns/editor-bookmarks/2" lastBookmarkId="0"/>
    <open-files xmlns="http://www.netbeans.org/ns/projectui-open-files/2">
        <group>
            <file>file:/C:/Users/hritt/OneDrive/Documents/NetBeansProjects/Library_Management_System/src/EDIT_ADMIN.java</file>
            <file>file:/C:/Users/hritt/OneDrive/Documents/NetBeansProjects/Library_Management_System/src/ADD_BOOKS.java</file>
            <file>file:/C:/Users/hritt/OneDrive/Documents/NetBeansProjects/Library_Management_System/src/REMOVE_STAFF.java</file>
            <file>file:/C:/Users/hritt/OneDrive/Documents/NetBeansProjects/Library_Management_System/src/Login_Page.java</file>
            <file>file:/C:/Users/hritt/OneDrive/Documents/NetBeansProjects/Library_Management_System/src/BOOOKS_AVAILABLE.java</file>
            <file>file:/C:/Users/hritt/OneDrive/Documents/NetBeansProjects/Library_Management_System/src/STAFF_DETAILS.java</file>
            <file>file:/C:/Users/hritt/OneDrive/Documents/NetBeansProjects/Library_Management_System/src/ADD_STAFF.java</file>
            <file>file:/C:/Users/hritt/OneDrive/Documents/NetBeansProjects/Library_Management_System/src/REMOVE_BOOKS.java</file>
            <file>file:/C:/Users/hritt/OneDrive/Documents/NetBeansProjects/Library_Management_System/src/Dashboard.java</file>
        </group>
    </open-files>
</project-private>
